03	01	A000000025	AFAD7010F884E2824650F764D47D7951A16EED6DBB881F384DEDB6702E0FB55C0FBEF945A2017705E5286FA249A591E194BDCD74B21720B44CE986F144237A25F95789F38B47EA957F9ADB2372F6D5D41340A147EAC2AF324E8358AE1120EF3F	768	ACFE734CF09A84C7BF025F0FFC6FA8CA25A22869	Live
03	02	A000000025	AF4B8D230FDFCB1538E975795A1DB40C396A5359FAA31AE095CB522A5C82E7FFFB252860EC2833EC3D4A665F133DD934EE1148D81E2B7E03F92995DDF7EB7C90A75AB98E69C92EC91A533B21E1C4918B43AFED5780DE13A32BBD37EBC384FA3DD1A453E327C56024DACAEA74AA052C4D	896	33F5B0344943048237EC89B275A95569718AEE20	Live
03	03	A000000025	B0C2C6E2A6386933CD17C239496BF48C57E389164F2A96BFF13AC3439AE8A77B20498BD4DC6959AB0C2D05D0723AF3668901937B674E5A2FA92DDD5E78EA9D75D79620173CC269B35F463B3D4AAFF2794F92E6C7A3FB95325D8AB95960C3066BE548087BCB6CE12688144A8B4A66228AE4659C634C99E36011584C095082A3A3E3	1024	8708A3E3BBC1BB0BE73EBD8D19D4E5D20166BF6C	Live
03	04	A000000025	D0F543F03F2517133EF2BA4A1104486758630DCFE3A883C77B4E4844E39A9BD6360D23E6644E1E071F196DDF2E4A68B4A3D93D14268D7240F6A14F0D714C17827D279D192E88931AF7300727AE9DA80A3F0E366AEBA61778171737989E1EE309	768	FDD7139EC7E0C33167FD61AD3CADBD68D66E91C5	Test
03	10	A000000025	CF98DFEDB3D3727965EE7797723355E0751C81D2D3DF4D18EBAB9FB9D49F38C8C4A826B99DC9DEA3F01043D4BF22AC3550E2962A59639B1332156422F788B9C16D40135EFD1BA94147750575E636B6EBC618734C91C1D1BF3EDC2A46A43901668E0FFC136774080E888044F6A1E65DC9AAA8928DACBEB0DB55EA3514686C6A732CEF55EE27CF877F110652694A0E3484C855D882AE191674E25C296205BBB599455176FDD7BBC549F27BA5FE35336F7E29E68D783973199436633C67EE5A680F05160ED12D1665EC83D1997F10FD05BBDBF9433E8F797AEE3E9F02A34228ACE927ABE62B8B9281AD08D3DF5C7379685045D7BA5FCDE58637	1984	C729CF2FD262394ABC4CC173506502446AA9B9FD	Live
010001	52	A000000025	B831414E0B4613922BD35B4B36802BC1E1E81C95A27C958F5382003DF646154CA92FC1CE02C3BE047A45E9B02A9089B4B90278237C965192A0FCC86BB49BC82AE6FDC2DE709006B86C7676EFDF597626FAD633A4F7DC48C445D37EB55FCB3B1ABB95BAAA826D5390E15FD14ED403FA2D0CB841C650609524EC555E3BC56CA957	1024	9D93DA5E86FDF16318D268CA6AC57031EDFCA3CB	Live
03	60	A000000025	D0F543F03F2517133EF2BA4A1104486758630DCFE3A883C77B4E4844E39A9BD6360D23E6644E1E071F196DDF2E4A68B4A3D93D14268D7240F6A14F0D714C17827D279D192E88931AF7300727AE9DA80A3F0E366AEBA61778171737989E1EE309	768	C08E256F276ED814021B11CAF6EC3701EC7553A1	Live
03	62	A000000025	BA29DE83090D8D5F4DFFCEB98918995A768F41D0183E1ACA3EF8D5ED9062853E4080E0D289A5CEDD4DD96B1FEA2C53428436CE15A2A1BFE69D46197D3F5A79BCF8F4858BFFA04EDB07FC5BE8560D9CE38F5C3CA3C742EDFDBAE3B5E6DDA45557	768	CCC7303FF295A9F35BA61BD31E27EABD59658265	Test
03	64	A000000025	B0DD551047DAFCD10D9A5E33CF47A9333E3B24EC57E8F066A72DED60E881A8AD42777C67ADDF0708042AB943601EE60248540B67E0637018EEB3911AE9C873DAD66CB40BC8F4DC77EB2595252B61C21518F79B706AAC29E7D3FD4D259DB72B6E6D446DD60386DB40F5FDB076D80374C993B4BB2D1DB977C3870897F9DFA454F5	1024	792B121D86D0F3A99582DB06974481F3B2E18454	Live
03	65	A000000025	E53EB41F839DDFB474F272CD0CBE373D5468EB3F50F39C95BDF4D39FA82B98DABC9476B6EA350C0DCE1CD92075D8C44D1E57283190F96B3537D9E632C461815EBD2BAF36891DF6BFB1D30FA0B752C43DCA0257D35DFF4CCFC98F84198D5152EC61D7B5F74BD09383BD0E2AA42298FFB02F0D79ADB70D72243EE537F75536A8A8DF962582E9E6812F3A0BE02A4365400D	1152	894C5D08D4EA28BB79DC46CEAD998B877322F416	Live
03	66	A000000025	BD1478877B9333612D257D9E3C9C23503E28336B723C71F47C25836670395360F53C106FD74DEEEA291259C001AFBE7B4A83654F6E2D9E8148E2CB1D9223AC5903DA18B433F8E3529227505DE84748F241F7BFCD2146E5E9A8C5D2A06D19097087A069F9AE3D610C7C8E1214481A4F27025A1A2EDB8A9CDAFA445690511DB805	1024	F367CB70F9C9B67B580F533819E302BAC0330090	Live
03	67	A000000025	C687ADCCF3D57D3360B174E471EDA693AA555DFDC6C8CD394C74BA25CCDF8EABFD1F1CEADFBE2280C9E81F7A058998DC22B7F22576FE84713D0BDD3D34CFCD12FCD0D26901BA74103D075C664DABCCAF57BF789494051C5EC303A2E1D784306D3DB3EB665CD360A558F40B7C05C919B2F0282FE1ED9BF6261AA814648FBC263B14214491DE426D242D65CD1FFF0FBE4D4DAFF5CFACB2ADC7131C9B147EE791956551076270696B75FD97373F1FD7804F	1408	52A2907300C8445BF54B970C894691FEADF2D28E	Live
03	68	A000000025	F4D198F2F0CF140E4D2D81B765EB4E24CED4C0834822769854D0E97E8066CBE465029B3F410E350F6296381A253BE71A4BBABBD516625DAE67D073D00113AAB9EA4DCECA29F3BB7A5D46C0D8B983E2482C2AD759735A5AB9AAAEFB31D3E718B8CA66C019ECA0A8BE312E243EB47A62300620BD51CF169A9194C17A42E51B34D83775A98E80B2D66F4F98084A448FE0507EA27C905AEE72B62A8A29438B6A4480FFF72F93280432A55FDD648AD93D82B9ECF01275C0914BAD8EB3AAF46B129F8749FEA425A2DCDD7E813A08FC0CA7841EDD49985CD8BC6D5D56F17AB9C67CEC50BA422440563ECCE21699E435C8682B6266393672C693D8B7	1984	415E5FE9EC966C835FBB3E6F766A9B1A4B8674C3	Live
03	96	A000000025	BC9AA294B1FDD263176E3243D8F448BBFFCB6ABD02C31811289F5085A9262B8B1B7C6477EB58055D9EF32A83D1B72D4A1471ECA30CE76585C3FD05372B686F92B795B1640959201523230149118D52D2425BD11C863D9B2A7C4AD0A2BFDBCA67B2713B290F493CD5521E5DDF05EF1040FC238D0A851C8E3E3B2B1F0D5D9D4AED	1024	E7433E5CFC6001151D8ECD252EBC6E61F7AB2217	Live
03	97	A000000025	E178FFE834B4B767AF3C9A511F973D8E8505C5FCB2D3768075AB7CC946A955789955879AAF737407151521996DFA43C58E6B130EB1D863B85DC9FFB4050947A2676AA6A061A4A7AE1EDB0E36A697E87E037517EB8923136875BA2CA1087CBA7EC7653E5E28A0C261A033AF27E3A67B64BBA26956307EC47E674E3F8B722B3AE0498DB16C7985310D9F3D117300D32B09	1152	EBDA522B631B3EB4F4CBFC0679C450139D2B69CD	Live
03	98	A000000025	D31A7094FB221CBA6660FB975AAFEA80DB7BB7EAFD7351E748827AB62D4AEECCFC1787FD47A04699A02DB00D7C382E80E804B35C59434C602389D691B9CCD51ED06BE67A276119C4C10E2E40FC4EDDF9DF39B9B0BDEE8D076E2A012E8A292AF8EFE18553470639C1A032252E0E5748B25A3F9BA4CFCEE073038B061837F2AC1B04C279640F5BD110A9DC665ED2FA6828BD5D0FE810A892DEE6B0E74CE8863BDE08FD5FD61A0F11FA0D14978D8CED7DD3	1408	D4DBA428CF11D45BAEB0A35CAEA8007AD8BA8D71	Live
03	99	A000000025	E1740074229FA0D228A9623581D7A322903FB89BA7686712E601FA8AB24A9789186F15B70CCBBE7421B1CB110D45361688135FFD0DB15A3F516BB291D4A123EBF5A06FBF7E1EE6311B737DABB289570A7959D532B25F1DA6758C84DDCCADC049BC764C05391ABD2CADEFFA7E242D5DD06E56001F0E68151E3388074BD9330D6AFA57CBF33946F531E51E0D4902EE235C756A905FB733940E6EC897B4944A5EDC765705E2ACF76C78EAD78DD9B066DF0B2C88750B8AEE00C9B4D4091FA7338449DA92DBFC908FA0781C0128C492DB993C88BA8BB7CADFE238D477F2517E0E7E3D2B11796A0318CE2AD4DA1DB8E54AB0D94F109DB9CAEEFBEF	1984	F0885777642C96BB24441FA057AD9A3490763BD2	Live
03	0E	A000000025	AA94A8C6DAD24F9BA56A27C09B01020819568B81A026BE9FD0A3416CA9A71166ED5084ED91CED47DD457DB7E6CBCD53E560BC5DF48ABC380993B6D549F5196CFA77DFB20A0296188E969A2772E8C4141665F8BB2516BA2C7B5FC91F8DA04E8D512EB0F6411516FB86FC021CE7E969DA94D33937909A53A57F907C40C22009DA7532CB3BE509AE173B39AD6A01BA5BB85	1152	A7266ABAE64B42A3668851191D49856E17F8FBCD	Live
03	0F	A000000025	C8D5AC27A5E1FB89978C7C6479AF993AB3800EB243996FBB2AE26B67B23AC482C4B746005A51AFA7D2D83E894F591A2357B30F85B85627FF15DA12290F70F05766552BA11AD34B7109FA49DE29DCB0109670875A17EA95549E92347B948AA1F045756DE56B707E3863E59A6CBE99C1272EF65FB66CBB4CFF070F36029DD76218B21242645B51CA752AF37E70BE1A84FF31079DC0048E928883EC4FADD497A719385C2BBBEBC5A66AA5E5655D18034EC5	1408	A73472B3AB557493A9BC2179CC8014053B12BAB4	Live
010001	A1	A000000025	99D17396421EE3F919BA549D9554BE0D4F92CB8B53B4878ED60CC5B2DEEDC79B85C8BD6FD2F23C22E68B381AEEB74153AFB3C96E6C96AD018E73C2025D1EE77622A72BEE973C1AF7B908468D74FDB53DCE8380523E38C30D0A8A226529726824E209E668F49F43B0E8CD2FE527CE7CC41F33F434F95D6E2FE2F589372032F2D6504340F8C542D298B499A53D95AF4083	1152	BBB9ABE889611198C387B5B0AB374934BC2B2EA9	Live
03	C1	A000000025	E69E319C34D1B4FB43AED4BD8BBA6F7A8B763F2F6EE5DDF7C92579A984F89C4A9C15B27037764C58AC7E45EFBC34E138E56BA38F76E803129A8DDEB5E1CC8C6B30CF634A9C9C1224BF1F0A9A18D79ED41EBCF1BE78087AE8B7D2F896B1DE8B7E784161A138A0F2169AD33E146D1B16AB595F9D7D98BE671062D217F44EB68C68640C7D57465A063F6BAC776D3E2DAC61	1152	DC79D6B5FC879362299BC5A637DAD2E0D99656B8	Test
03	C2	A000000025	B875002F38BA26D61167C5D440367604AD38DF2E93D8EE8DA0E8D9C0CF4CC5788D11DEA689E5F41D23A3DA3E0B1FA5875AE25620F5A6BCCEE098C1B35C691889D7D0EF670EB8312E7123FCC5DC7D2F0719CC80E1A93017F944D097330EDF945762FEE62B7B0BA0348228DBF38D4216E5A67A7EF74F5D3111C44AA31320F623CB3C53E60966D6920067C9E082B746117E48E4F00E110950CA54DA3E38E5453BD5544E3A6760E3A6A42766AD2284E0C9AF	1408	8E748296359A7428F536ADDA8E2C037E2B697EF6	Test
03	C3	A000000025	B93182ABE343DFBF388C71C4D6747DCDEC60367FE63CFAA942D7D323E688D0832836548BF0EDFF1EDEEB882C75099FF81A93FA525C32425B36023EA02A8899B9BF7D7934E86F997891823006CEAA93091A73C1FDE18ABD4F87A22308640C064C8C027685F1B2DB7B741B67AB0DE05E870481C5F972508C17F57E4F833D63220F6EA2CFBB878728AA5887DE407D10C6B8F58D46779ECEC1E2155487D52C78A5C03897F2BB580E0A2BBDE8EA2E1C18F6AAF3EB3D04C3477DEAB88F150C8810FD1EF8EB0596866336FE2C1FBC6BEC22B4FE5D885647726DB59709A505F75C49E0D8D71BF51E4181212BE2142AB2A1E8C0D3B7136CD7B7708E4D	1984	12F1790CB0273DC73C6E70784BC24C12E8DB71F6	Test
03	C7	A000000025	CD237E34E0299DE48F1A2C94F478FE972896011E1CA6AB462B68FE0F6109C9A97C2DBEEA65932CDE0625138B9F162B92979DAAB019D3B5561D31EB2D4F09F12F927EA8F740CE0E87154965505E2272F69042B15D57CCC7F771919123978283B3CCE524D9715207BF5F5AD369102176F0F7A78A6DEB2BFF0EDCE165F3B14F14D0035B2756861FE03C43396ED002C894A3	1152	6221E0C726BAC8F8AC25F8F93B811D1FFD4C131C	Live
03	C8	A000000025	BF0CFCED708FB6B048E3014336EA24AA007D7967B8AA4E613D26D015C4FE7805D9DB131CED0D2A8ED504C3B5CCD48C33199E5A5BF644DA043B54DBF60276F05B1750FAB39098C7511D04BABC649482DDCF7CC42C8C435BAB8DD0EB1A620C31111D1AAAF9AF6571EEBD4CF5A08496D57E7ABDBB5180E0A42DA869AB95FB620EFF2641C3702AF3BE0B0C138EAEF202E21D	1152	33BD7A059FAB094939B90A8F35845C9DC779BD50	Test
03	C9	A000000025	B362DB5733C15B8797B8ECEE55CB1A371F760E0BEDD3715BB270424FD4EA26062C38C3F4AAA3732A83D36EA8E9602F6683EECC6BAFF63DD2D49014BDE4D6D603CD744206B05B4BAD0C64C63AB3976B5C8CAAF8539549F5921C0B700D5B0F83C4E7E946068BAAAB5463544DB18C63801118F2182EFCC8A1E85E53C2A7AE839A5C6A3CABE73762B70D170AB64AFC6CA482944902611FB0061E09A67ACB77E493D998A0CCF93D81A4F6C0DC6B7DF22E62DB	1408	8E8DFF443D78CD91DE88821D70C98F0638E51E49	Test
03	CA	A000000025	C23ECBD7119F479C2EE546C123A585D697A7D10B55C2D28BEF0D299C01DC65420A03FE5227ECDECB8025FBC86EEBC1935298C1753AB849936749719591758C315FA150400789BB14FADD6EAE2AD617DA38163199D1BAD5D3F8F6A7A20AEF420ADFE2404D30B219359C6A4952565CCCA6F11EC5BE564B49B0EA5BF5B3DC8C5C6401208D0029C3957A8C5922CBDE39D3A564C6DEBB6BD2AEF91FC27BB3D3892BEB9646DCE2E1EF8581EFFA712158AAEC541C0BBB4B3E279D7DA54E45A0ACC3570E712C9F7CDF985CFAFD382AE13A3B214A9E8E1E71AB1EA707895112ABC3A97D0FCB0AE2EE5C85492B6CFD54885CDD6337E895CC70FB3255E3	1984	6BDA32B1AA171444C7E8F88075A74FBFE845765F	Test
03	00	A000000004	9C6BE5ADB10B4BE3DCE2099B4B210672B89656EBA091204F613ECC623BEDC9C6D77B660E8BAEEA7F7CE30F1B153879A4E36459343D1FE47ACDBD41FCD710030C2BA1D9461597982C6E1BDD08554B726F5EFF7913CE59E79E357295C321E26D0B8BE270A9442345C753E2AA2ACFC9D30850602FE6CAC00C6DDF6B8D9D9B4879B2826B042A07F0E5AE526A3D3C4D22C72B9EAA52EED8893866F866387AC05A1399	1280	EC0A59D35D19F031E9E8CBEC56DB80E22B1DE130	Test
03	00	A000000004	9E15214212F6308ACA78B80BD986AC287516846C8D548A9ED0A42E7D997C902C3E122D1B9DC30995F4E25C75DD7EE0A0CE293B8CC02B977278EF256D761194924764942FE714FA02E4D57F282BA3B2B62C9E38EF6517823F2CA831BDDF6D363D	768	8BB99ADDF7B560110955014505FB6B5F8308CE27	Live
03	01	A000000004	C696034213D7D8546984579D1D0F0EA519CFF8DEFFC429354CF3A871A6F7183F1228DA5C7470C055387100CB935A712C4E2864DF5D64BA93FE7E63E71F25B1E5F5298575EBE1C63AA617706917911DC2A75AC28B251C7EF40F2365912490B939BCA2124A30A28F54402C34AECA331AB67E1E79B285DD5771B5D9FF79EA630B75	1024	8C05A64127485B923C94B63D264AF0BF85CB45D9	Test
03	01	A000000004	D2010716C9FB5264D8C91A14F4F32F8981EE954F20087ED77CDC5868431728D3637C632CCF2718A4F5D92EA8AB166AB992D2DE24E9FBDC7CAB9729401E91C502D72B39F6866F5C098B1243B132AFEE65F5036E168323116338F8040834B98725	768	EA950DD4234FEB7C900C0BE817F64DE66EEEF7C4	Live
03	02	A000000004	A99A6D3E071889ED9E3A0C391C69B0B804FC160B2B4BDD570C92DD5A0F45F53E8621F7C96C40224266735E1EE1B3C06238AE35046320FD8E81F8CEB3F8B4C97B940930A3AC5E790086DAD41A6A4F5117BA1CE2438A51AC053EB002AED866D2C458FD73359021A12029A0C043045C11664FE0219EC63C10BF2155BB2784609A106421D45163799738C1C30909BB6C6FE52BBB76397B9740CE064A613FF8411185F08842A423EAD20EDFFBFF1CD6C3FE0C9821479199C26D8572CC8AFFF087A9C3	1536	33408B96C814742AD73536C72F0926E4471E8E47	Test
03	02	A000000004	CF4264E1702D34CA897D1F9B66C5D63691EACC612C8F147116BB22D0C463495BD5BA70FB153848895220B8ADEEC3E7BAB31EA22C1DC9972FA027D54265BEBF0AE3A23A8A09187F21C856607B98BDA6FC908116816C502B3E58A145254EEFEE2A3335110224028B67809DCB8058E24895	896	AF1CC1FD1C1BC9BCA07E78DA6CBA2163F169CBB7	Live
03	03	A000000004	C2490747FE17EB0584C88D47B1602704150ADC88C5B998BD59CE043EDEBF0FFEE3093AC7956AD3B6AD4554C6DE19A178D6DA295BE15D5220645E3C8131666FA4BE5B84FE131EA44B039307638B9E74A8C42564F892A64DF1CB15712B736E3374F1BBB6819371602D8970E97B900793C7C2A89A4A1649A59BE680574DD0B60145	1024	5ADDF21D09278661141179CBEFF272EA384B13BB	Live
03	04	A000000004	A6DA428387A502D7DDFB7A74D3F412BE762627197B25435B7A81716A700157DDD06F7CC99D6CA28C2470527E2C03616B9C59217357C2674F583B3BA5C7DCF2838692D023E3562420B4615C439CA97C44DC9A249CFCE7B3BFB22F68228C3AF13329AA4A613CF8DD853502373D62E49AB256D2BC17120E54AEDCED6D96A4287ACC5C04677D4A5A320DB8BEE2F775E5FEC5	1152	381A035DA58B482EE2AF75F4C3F2CA469BA4AA6C	Live
03	05	A000000004	A1F5E1C9BD8650BD43AB6EE56B891EF7459C0A24FA84F9127D1A6C79D4930F6DB1852E2510F18B61CD354DB83A356BD190B88AB8DF04284D02A4204A7B6CB7C5551977A9B36379CA3DE1A08E69F301C95CC1C20506959275F41723DD5D2925290579E5A95B0DF6323FC8E9273D6F849198C4996209166D9BFC973C361CC826E1	1024	53D04903B496F59544A84309AF169251F2896874	Test
03	05	A000000004	B8048ABC30C90D976336543E3FD7091C8FE4800DF820ED55E7E94813ED00555B573FECA3D84AF6131A651D66CFF4284FB13B635EDD0EE40176D8BF04B7FD1C7BACF9AC7327DFAA8AA72D10DB3B8E70B2DDD811CB4196525EA386ACC33C0D9D4575916469C4E4F53E8E1C912CC618CB22DDE7C3568E90022E6BBA770202E4522A2DD623D180E215BD1D1507FE3DC90CA310D27B3EFCCD8F83DE3052CAD1E48938C68D095AAC91B5F37E28BB49EC7ED597	1408	EBFA0D5D06D8CE702DA3EAE890701D45E274C845	Live
03	06	A000000004	CB26FC830B43785B2BCE37C81ED334622F9622F4C89AAE641046B2353433883F307FB7C974162DA72F7A4EC75D9D657336865B8D3023D3D645667625C9A07A6B7A137CF0C64198AE38FC238006FB2603F41F4F3BB9DA1347270F2F5D8C606E420958C5F7D50A71DE30142F70DE468889B5E3A08695B938A50FC980393A9CBCE44AD2D64F630BB33AD3F5F5FD495D31F37818C1D94071342E07F1BEC2194F6035BA5DED3936500EB82DFDA6E8AFB655B1EF3D0D7EBF86B66DD9F29F6B1D324FE8B26CE38AB2013DD13F611E7A594D675C4432350EA244CC34F3873CBA06592987A1D7E852ADC22EF5A2EE28132031E48F74037E3B34AB747F	1984	F910A1504D5FFB793D94F3B500765E1ABCAD72D9	Live
03	09	A000000004	967B6264436C96AA9305776A5919C70DA796340F9997A6C6EF7BEF1D4DBF9CB4289FB7990ABFF1F3AE692F12844B2452A50AE075FB327976A40E8028F279B1E3CCB623957D696FC1225CA2EC950E2D415E9AA931FF18B13168D661FBD06F0ABB	768	1D90595C2EF9FC6E71B0C721118333DF8A71FE21	Live
03	22	A000000004	BBE43877CC28C0CE1E14BC14E8477317E218364531D155BB8AC5B63C0D6E284DD24259193899F9C04C30BAF167D57929451F67AEBD3BBD0D41444501847D8F02F2C2A2D14817D97AE2625DC163BF8B484C40FFB51749CEDDE9434FB2A0A41099	768	008C39B1D119498268B07843349427AC6E98F807	Live
010001	52	A000000004	B831414E0B4613922BD35B4B36802BC1E1E81C95A27C958F5382003DF646154CA92FC1CE02C3BE047A45E9B02A9089B4B90278237C965192A0FCC86BB49BC82AE6FDC2DE709006B86C7676EFDF597626FAD633A4F7DC48C445D37EB55FCB3B1ABB95BAAA826D5390E15FD14ED403FA2D0CB841C650609524EC555E3BC56CA957	1024	DEB81EDB2626A4BB6AE23B77D19A77539D0E6716	Live
03	EF	A000000004	A191CB87473F29349B5D60A88B3EAEE0973AA6F1A082F358D849FDDFF9C091F899EDA9792CAF09EF28F5D22404B88A2293EEBBC1949C43BEA4D60CFD879A1539544E09E0F09F60F065B2BF2A13ECC705F3D468B9D33AE77AD9D3F19CA40F23DCF5EB7C04DC8F69EBA565B1EBCB4686CD274785530FF6F6E9EE43AA43FDB02CE00DAEC15C7B8FD6A9B394BABA419D3F6DC85E16569BE8E76989688EFEA2DF22FF7D35C043338DEAA982A02B866DE5328519EBBCD6F03CDD686673847F84DB651AB86C28CF1462562C577B853564A290C8556D818531268D25CC98A4CC6A0BDFFFDA2DCCA3A94C998559E307FDDF915006D9A987B07DDAEB3B	1984	21766EBB0EE122AFB65D7845B73DB46BAB65427A	Test
03	F1	A000000004	A0DCF4BDE19C3546B4B6F0414D174DDE294AABBB828C5A834D73AAE27C99B0B053A90278007239B6459FF0BBCD7B4B9C6C50AC02CE91368DA1BD21AAEADBC65347337D89B68F5C99A09D05BE02DD1F8C5BA20E2F13FB2A27C41D3F85CAD5CF6668E75851EC66EDBF98851FD4E42C44C1D59F5984703B27D5B9F21B8FA0D93279FBBF69E090642909C9EA27F898959541AA6757F5F624104F6E1D3A9532F2A6E51515AEAD1B43B3D7835088A2FAFA7BE7	1408	D8E68DA167AB5A85D8C3D55ECB9B0517A1A5B4BB	Test
03	F3	A000000004	98F0C770F23864C2E766DF02D1E833DFF4FFE92D696E1642F0A88C5694C6479D16DB1537BFE29E4FDC6E6E8AFD1B0EB7EA0124723C333179BF19E93F10658B2F776E829E87DAEDA9C94A8B3382199A350C077977C97AFF08FD11310AC950A72C3CA5002EF513FCCC286E646E3C5387535D509514B3B326E1234F9CB48C36DDD44B416D23654034A66F403BA511C5EFA3	1152	A69AC7603DAF566E972DEDC2CB433E07E8B01A9A	Test
010001	F5	A000000004	A6E6FB72179506F860CCCA8C27F99CECD94C7D4F3191D303BBEE37481C7AA15F233BA755E9E4376345A9A67E7994BDC1C680BB3522D8C93EB0CCC91AD31AD450DA30D337662D19AC03E2B4EF5F6EC18282D491E19767D7B24542DFDEFF6F62185503532069BBB369E3BB9FB19AC6F1C30B97D249EEE764E0BAC97F25C873D973953E5153A42064BBFABFD06A4BB486860BF6637406C9FC36813A4A75F75C31CCA9F69F8DE59ADECEF6BDE7E07800FCBE035D3176AF8473E23E9AA3DFEE221196D1148302677C720CFE2544A03DB553E7F1B8427BA1CC72B0F29B12DFEF4C081D076D353E71880AADFF386352AF0AB7B28ED49E1E672D11F9	1984	C2239804C8098170BE52D6D5D4159E81CE8466BF	Test
03	F6	A000000004	A25A6BD783A5EF6B8FB6F83055C260F5F99EA16678F3B9053E0F6498E82C3F5D1E8C38F13588017E2B12B3D8FF6F50167F46442910729E9E4D1B3739E5067C0AC7A1F4487E35F675BC16E233315165CB142BFDB25E301A632A54A3371EBAB6572DEEBAF370F337F057EE73B4AE46D1A8BC4DA853EC3CC12C8CBC2DA18322D68530C70B22BDAC351DD36068AE321E11ABF264F4D3569BB71214545005558DE26083C735DB776368172FE8C2F5C85E8B5B890CC682911D2DE71FA626B8817FCCC08922B703869F3BAEAC1459D77CD85376BC36182F4238314D6C4212FBDD7F23D3	1792	502909ED545E3C8DBD00EA582D0617FEE9F6F684	Test
010001	F7	A000000004	94EA62F6D58320E354C022ADDCF0559D8CF206CD92E869564905CE21D720F971B7AEA374830EBE1757115A85E088D41C6B77CF5EC821F30B1D890417BF2FA31E5908DED5FA677F8C7B184AD09028FDDE96B6A6109850AA800175EABCDBBB684A96C2EB6379DFEA08D32FE2331FE103233AD58DCDB1E6E077CB9F24EAEC5C25AF	1024	EEB0DD9B2477BEE3209A914CDBA94C1C4A9BDED9	Test
02	FB	A000000004	A9548DFB398B48123FAF41E6CFA4AE1E2352B518AB4BCEFECDB0B3EDEC090287D88B12259F361C1CC088E5F066494417E8EE8BBF8991E2B32FF16F994697842B3D6CB37A2BB5742A440B6356C62AA33DB3C455E59EDDF7864701D03A5B83EE9E9BD83AB93302AC2DFE63E66120B051CF081F56326A71303D952BB336FF12610D	1024	6C7289632919ABEE6E1163D7E6BF693FD88EBD35	Live
02	FC	A000000004	B37BFD2A9674AD6221C1A001081C62653DC280B0A9BD052C677C913CE7A0D902E77B12F4D4D79037B1E9B923A8BB3FAC3C612045BB3914F8DF41E9A1B61BFA5B41705A691D09CE6F530FE48B30240D98F4E692FFD6AADB87243BA8597AB237586ECF258F4148751BE5DA5A3BE6CC34BD	896	7FB377EEBBCF7E3A6D04015D10E1BDCB15E21B80	Live
02	FD	A000000004	B3572BA49AE4C7B7A0019E5189E142CFCDED9498DDB5F0470567AB0BA713B8DA226424622955B54B937ABFEFAAD97919E377621E22196ABC1419D5ADC123484209EA7CB7029E66A0D54C5B45C8AD615AEDB6AE9E0A2F75310EA8961287241245	768	23CF0D702E0AEFE518E4FA6B836D3CD45B8AAA71	Live
03	FE	A000000004	A653EAC1C0F786C8724F737F172997D63D1C3251C44402049B865BAE877D0F398CBFBE8A6035E24AFA086BEFDE9351E54B95708EE672F0968BCD50DCE40F783322B2ABA04EF137EF18ABF03C7DBC5813AEAEF3AA7797BA15DF7D5BA1CBAF7FD520B5A482D8D3FEE105077871113E23A49AF3926554A70FE10ED728CF793B62A1	1024	9A295B05FB390EF7923F57618A9FDA2941FC34E0	Test
03	FF	A000000004	B855CC64313AF99C453D181642EE7DD21A67D0FF50C61FE213BCDC18AFBCD07722EFDD2594EFDC227DA3DA23ADCC90E3FA907453ACC954C47323BEDCF8D4862C457D25F47B16D7C3502BE081913E5B0482D838484065DA5F6659E00A9E5D570ADA1EC6AF8C57960075119581FC81468D	896	B4E769CECF7AAC4783F305E0B110602A07A6355B	Live
03	01	A000000003	C696034213D7D8546984579D1D0F0EA519CFF8DEFFC429354CF3A871A6F7183F1228DA5C7470C055387100CB935A712C4E2864DF5D64BA93FE7E63E71F25B1E5F5298575EBE1C63AA617706917911DC2A75AC28B251C7EF40F2365912490B939BCA2124A30A28F54402C34AECA331AB67E1E79B285DD5771B5D9FF79EA630B75	1024	D34A6A776011C7E7CE3AEC5F03AD2F8CFC5503CC	Live
03	03	A000000003	B3E5E667506C47CAAFB12A2633819350846697DD65A796E5CE77C57C626A66F70BB630911612AD2832909B8062291BECA46CD33B66A6F9C9D48CED8B4FC8561C8A1D8FB15862C9EB60178DEA2BE1F82236FFCFF4F3843C272179DCDD384D541053DA6A6A0D3CE48FDC2DC4E3E0EEE15F	896	FE70AB3B4D5A1B9924228ADF8027C758483A8B7E	Live
03	05	A000000003	D0135CE8A4436C7F9D5CC66547E30EA402F98105B71722E24BC08DCC80AB7E71EC23B8CE6A1DC6AC2A8CF55543D74A8AE7B388F9B174B7F0D756C22CBB5974F9016A56B601CCA64C71F04B78E86C501B193A5556D5389ECE4DEA258AB97F52A3	768	86DF041E7995023552A79E2623E49180C0CD957A	Live
03	06	A000000003	F934FC032BE59B609A9A649E04446F1B365D1D23A1E6574E490170527EDF32F398326159B39B63D07E95E6276D7FCBB786925182BC0667FBD8F6566B361CA41A38DDF227091B87FA4F47BAC780AC47E15A6A0FB65393EB3473E8D193A07EB579	768	A0DF5DAA385AE3E0E21BFD34D9D8A30506B19B12	Live
03	07	A000000003	A89F25A56FA6DA258C8CA8B40427D927B4A1EB4D7EA326BBB12F97DED70AE5E4480FC9C5E8A972177110A1CC318D06D2F8F5C4844AC5FA79A4DC470BB11ED635699C17081B90F1B984F12E92C1C529276D8AF8EC7F28492097D8CD5BECEA16FE4088F6CFAB4A1B42328A1B996F9278B0B7E3311CA5EF856C2F888474B83612A82E4E00D0CD4069A6783140433D50725F	1152	B4BC56CC4E88324932CBC643D6898F6FE593B172	Live
03	08	A000000003	D9FD6ED75D51D0E30664BD157023EAA1FFA871E4DA65672B863D255E81E137A51DE4F72BCC9E44ACE12127F87E263D3AF9DD9CF35CA4A7B01E907000BA85D24954C2FCA3074825DDD4C0C8F186CB020F683E02F2DEAD3969133F06F7845166ACEB57CA0FC2603445469811D293BFEFBAFAB57631B3DD91E796BF850A25012F1AE38F05AA5C4D6D03B1DC2E568612785938BBC9B3CD3A910C1DA55A5A9218ACE0F7A21287752682F15832A678D6E1ED0B	1408	20D213126955DE205ADC2FD2822BD22DE21CF9A8	Live
03	09	A000000003	9D912248DE0A4E39C1A7DDE3F6D2588992C1A4095AFBD1824D1BA74847F2BC4926D2EFD904B4B54954CD189A54C5D1179654F8F9B0D2AB5F0357EB642FEDA95D3912C6576945FAB897E7062CAA44A4AA06B8FE6E3DBA18AF6AE3738E30429EE9BE03427C9D64F695FA8CAB4BFE376853EA34AD1D76BFCAD15908C077FFE6DC5521ECEF5D278A96E26F57359FFAEDA19434B937F1AD999DC5C41EB11935B44C18100E857F431A4A5A6BB65114F174C2D7B59FDF237D6BB1DD0916E644D709DED56481477C75D95CDD68254615F7740EC07F330AC5D67BCD75BF23D28A140826C026DBDE971A37CD3EF9B8DF644AC385010501EFC6509D7A41	1984	1FF80A40173F52D7D27E0F26A146A1C8CCB29046	Live
03	10	A000000003	9F2701C0909CCBD8C3ED3E071C69F776160022FF3299807ED7A035ED5752770E232D56CC3BE159BD8F0CA8B59435688922F406F55C75639457BBABEFE9A86B2269EF223E34B91AA6DF2CCAD03B4AD4B443D61575CA960845E6C69040101E231D9EF811AD99B0715065A0E661449C41B4B023B7716D1E4AFF1C90704E55AE1225	1024	833B1947778036B6D759FCE3F618DDEB2749372C	Live
03	20	A000000003	998D2AD946A60FC597D93807DB54B2B0A550871E43F1779F073AF08D9B04ABD17C8A7DAA3E66EE443F30F92648FC53DA57A78364B062FEDB50F7235B937E16E5F6D9E6BA8F106FB325ECA25125111CE04B43098CDEA8A41426FC6D94F8A47619EDB12789581808692CFBA1F38E8008CC5E02066A1889D52F77B9A121E6597F39	1024	7AC3D80EF01E9A998F0A77181E64B36747DC51EB	Live
010001	50	A000000003	D11197590057B84196C2F4D11A8F3C05408F422A35D702F90106EA5B019BB28AE607AA9CDEBCD0D81A38D48C7EBB0062D287369EC0C42124246AC30D80CD602AB7238D51084DED4698162C59D25EAC1E66255B4DB2352526EF0982C3B8AD3D1CCE85B01DB5788E75E09F44BE7361366DEF9D1E1317B05E5D0FF5290F88A0DB47	1024	B769775668CACB5D22A647D1D993141EDAB7237B	Live
03	51	A000000003	BBE43877CC28C0CE1E14BC14E8477317E218364531D155BB8AC5B63C0D6E284DD24259193899F9C04C30BAF167D57929451F67AEBD3BBD0D41444501847D8F02F2C2A2D14817D97AE2625DC163BF8B484C40FFB51749CEDDE9434FB2A0A41099	768	D3D90B35BA8C48731171EAC407D89005ACF6F9DA	Live
03	51	A000000003	DB5FA29D1FDA8C1634B04DCCFF148ABEE63C772035C79851D3512107586E02A917F7C7E885E7C4A7D529710A145334CE67DC412CB1597B77AA2543B98D19CF2CB80C522BDBEA0F1B113FA2C86216C8C610A2D58F29CF3355CEB1BD3EF410D1EDD1F7AE0F16897979DE28C6EF293E0A19282BD1D793F1331523FC71A228800468C01A3653D14C6B4851A5C029478E757F	1152	969299D792D3CC08AD28F2D544CEE3309DADF1B9	Live
03	52	A000000003	AFF740F8DBE763F333A1013A43722055C8E22F41779E219B0E1C409D60AFD45C8789C57EECD71EA4A269A675916CC1C5E1A05A35BD745A79F94555CE29612AC9338769665B87C3CA8E1AC4957F9F61FA7BFFE4E17631E937837CABF43DD6183D6360A228A3EBC73A1D1CDC72BF09953C81203AB7E492148E4CB774CDDFAAC3544D0DD4F8C8A0E9C70B877EA79F2C22E4CE52C69F3EF376F61B0F43A540FE96C63F586310C3B6E39C78C4D647CADB5933	1408	D6F78FB14CB58B0E0B67BFA7870FB8DFBEE2AD01	Live
010001	52	A000000003	B831414E0B4613922BD35B4B36802BC1E1E81C95A27C958F5382003DF646154CA92FC1CE02C3BE047A45E9B02A9089B4B90278237C965192A0FCC86BB49BC82AE6FDC2DE709006B86C7676EFDF597626FAD633A4F7DC48C445D37EB55FCB3B1ABB95BAAA826D5390E15FD14ED403FA2D0CB841C650609524EC555E3BC56CA957	1024	73A7CA6BA7DB3C37B78E86952BC4EC7754925D54	Live
03	53	A000000003	BCD83721BE52CCCC4B6457321F22A7DC769F54EB8025913BE804D9EABBFA19B3D7C5D3CA658D768CAF57067EEC83C7E6E9F81D0586703ED9DDDADD20675D63424980B10EB364E81EB37DB40ED100344C928886FF4CCC37203EE6106D5B59D1AC102E2CD2D7AC17F4D96C398E5FD993ECB4FFDF79B17547FF9FA2AA8EEFD6CBDA124CBB17A0F8528146387135E226B005A474B9062FF264D2FF8EFA36814AA2950065B1B04C0A1AE9B2F69D4A4AA979D6CE95FEE9485ED0A03AEE9BD953E81CFD1EF6E814DFD3C2CE37AEFA38C1F9877371E91D6A5EB59FDEDF75D3325FA3CA66CDFBA0E57146CC789818FF06BE5FCC50ABD362AE4B80996D	1984	A84A53964513A5D9363B4BA13AF5D43B83A83CE7	Live
010001	58	A000000003	99552C4A1ECD68A0260157FC4151B5992837445D3FC57365CA5692C87BE358CDCDF2C92FB6837522842A48EB11CDFFE2FD91770C7221E4AF6207C2DE4004C7DEE1B6276DC62D52A87D2CD01FBF2DC4065DB52824D2A2167A06D19E6A0F781071CDB2DD314CB94441D8DC0E936317B77BF06F5177F6C5ABA3A3BC6AA30209C97260B7A1AD3A192C9B8CD1D153570AFCC87C3CD681D13E997FE33B3963A0A1C79772ACF991033E1B8397AD0341500E48A24770BC4CBE19D2CCF419504FDBF0389BC2F2FDCD4D44E61F	1600	E6D302EBE7DC6F267E4D00F7D488F0AB6235F105	Live
03	89	A000000003	E5E195705CE61A0672B8367E7A51713927A04289EA308328FAD28071ECEAE889B3C4F29AC3BDE46772B00D42FD05F27228820F2693990F81B0F6928E240D957EC4484354CD5E5CA9092B444741A0394D3476651232474A9B87A961DA8DD96D90F036E9B3C52FB09766BDA4D6BC3BDADBC89122B74068F8FA04026C5FA8EF398BC3AB3992A87F6A785CC779BA99F170956623D67A18EB8324263D626BE85BFF77B8B981C0A3F7849C4F3D8E20542955D19128198547B47AE34DF67F28BE433F33	1536	7170850B97F83952045CF9CA8B7612DFEB69E9EF	Live
03	90	A000000003	C26B3CB3833E42D8270DC10C8999B2DA18106838650DA0DBF154EFD51100AD144741B2A87D6881F8630E3348DEA3F78038E9B21A697EB2A6716D32CBF26086F1	512	B3AE2BC3CAFC05EEEFAA46A2A47ED51DE679F823	Live
03	92	A000000003	996AF56F569187D09293C14810450ED8EE3357397B18A2458EFAA92DA3B6DF6514EC060195318FD43BE9B8F0CC669E3F844057CBDDF8BDA191BB64473BC8DC9A730DB8F6B4EDE3924186FFD9B8C7735789C23A36BA0B8AF65372EB57EA5D89E7D14E9C7B6B557460F10885DA16AC923F15AF3758F0F03EBD3C5C2C949CBA306DB44E6A2C076C5F67E281D7EF56785DC4D75945E491F01918800A9E2DC66F60080566CE0DAF8D17EAD46AD8E30A247C9F	1408	429C954A3859CEF91295F663C963E582ED6EB253	Test
03	94	A000000003	ACD2B12302EE644F3F835ABD1FC7A6F62CCE48FFEC622AA8EF062BEF6FB8BA8BC68BBF6AB5870EED579BC3973E121303D34841A796D6DCBC41DBF9E52C4609795C0CCF7EE86FA1D5CB041071ED2C51D2202F63F1156C58A92D38BC60BDF424E1776E2BC9648078A03B36FB554375FC53D57C73F5160EA59F3AFC5398EC7B67758D65C9BFF7828B6B82D4BE124A416AB7301914311EA462C19F771F31B3B57336000DFF732D3B83DE07052D730354D297BEC72871DCCF0E193F171ABA27EE464C6A97690943D59BDABB2A27EB71CEEBDAFA1176046478FD62FEC452D5CA393296530AA3F41927ADFE434A2DF2AE3054F8840657A26E0FC617	1984	C4A3C43CCF87327D136B804160E47D43B60E6E0F	Test
03	95	A000000003	BE9E1FA5E9A803852999C4AB432DB28600DCD9DAB76DFAAA47355A0FE37B1508AC6BF38860D3C6C2E5B12A3CAAF2A7005A7241EBAA7771112C74CF9A0634652FBCA0E5980C54A64761EA101A114E0F0B5572ADD57D010B7C9C887E104CA4EE1272DA66D997B9A90B5A6D624AB6C57E73C8F919000EB5F684898EF8C3DBEFB330C62660BED88EA78E909AFF05F6DA627B	1152	EE1511CEC71020A9B90443B37B1D5F6E703030F6	Test
03	96	A000000003	B74586D19A207BE6627C5B0AAFBC44A2ECF5A2942D3A26CE19C4FFAEEE920521868922E893E7838225A3947A2614796FB2C0628CE8C11E3825A56D3B1BBAEF783A5C6A81F36F8625395126FA983C5216D3166D48ACDE8A431212FF763A7F79D9EDB7FED76B485DE45BEB829A3D4730848A366D3324C3027032FF8D16A1E44D8D	1024	7616E9AC8BE014AF88CA11A8FB17967B7394030E	Live
03	97	A000000003	AF0754EAED977043AB6F41D6312AB1E22A6809175BEB28E70D5F99B2DF18CAE73519341BBBD327D0B8BE9D4D0E15F07D36EA3E3A05C892F5B19A3E9D3413B0D97E7AD10A5F5DE8E38860C0AD004B1E06F4040C295ACB457A788551B6127C0B29	768	8001CA76C1203955E2C62841CD6F201087E564BF	Live
03	98	A000000003	CA026E52A695E72BD30AF928196EEDC9FAF4A619F2492E3FB31169789C276FFBB7D43116647BA9E0D106A3542E3965292CF77823DD34CA8EEC7DE367E08070895077C7EFAD939924CB187067DBF92CB1E785917BD38BACE0C194CA12DF0CE5B7A50275AC61BE7C3B436887CA98C9FD39	896	E7AC9AA8EED1B5FF1BD532CF1489A3E5557572C1	Live
03	99	A000000003	AB79FCC9520896967E776E64444E5DCDD6E13611874F3985722520425295EEA4BD0C2781DE7F31CD3D041F565F747306EED62954B17EDABA3A6C5B85A1DE1BEB9A34141AF38FCF8279C9DEA0D5A6710D08DB4124F041945587E20359BAB47B7575AD94262D4B25F264AF33DEDCF28E09615E937DE32EDC03C54445FE7E382777	1024	4ABFFD6B1C51212D05552E431C5B17007D2F5E6D	Test
03	F3	A000000003	98F0C770F23864C2E766DF02D1E833DFF4FFE92D696E1642F0A88C5694C6479D16DB1537BFE29E4FDC6E6E8AFD1B0EB7EA0124723C333179BF19E93F10658B2F776E829E87DAEDA9C94A8B3382199A350C077977C97AFF08FD11310AC950A72C3CA5002EF513FCCC286E646E3C5387535D509514B3B326E1234F9CB48C36DDD44B416D23654034A66F403BA511C5EFA3	1152	128EB33128E63E38C9A83A2B1A9349E178F82196	Test
